,geoName,bouquet de mariage
3,Brittany,46.15384615384615
5,Centre-Val de Loire,26.373626373626376
7,Corsica,0.0
15,Pays de la Loire,50.54945054945055
18,Provence-Alpes-Côte d'Azur,100.0
21,Île-de-France,49.45054945054945
22,Grand-est,51.64835164835166
23,Hauts-de-france,74.72527472527473
24,Normandie,27.472527472527474
25,Bourgogne-Franche-Comté,0.0
26,Nouvelle-Aquitaine,71.7948717948718
27,Occitanie,60.43956043956044
28,Auvergne-Rhône-Alpes,64.83516483516483
