,geoName,Cours maths
3,Brittany,69.56521739130434
5,Centre-Val de Loire,58.69565217391305
7,Corsica,0.0
15,Pays de la Loire,67.3913043478261
18,Provence-Alpes-Côte d'Azur,80.43478260869566
21,Île-de-France,78.26086956521739
22,Grand-est,77.53623188405797
23,Hauts-de-france,69.56521739130434
24,Normandie,79.34782608695652
25,Bourgogne-Franche-Comté,65.21739130434783
26,Nouvelle-Aquitaine,100.0
27,Occitanie,55.434782608695656
28,Auvergne-Rhône-Alpes,61.95652173913043
