,geoName,Cours de guitare
3,Brittany,65.78947368421053
5,Centre-Val de Loire,75.0
7,Corsica,0.0
15,Pays de la Loire,88.1578947368421
18,Provence-Alpes-Côte d'Azur,100.0
21,Île-de-France,59.210526315789465
22,Grand-est,50.87719298245613
23,Hauts-de-france,41.44736842105263
24,Normandie,36.84210526315789
25,Bourgogne-Franche-Comté,46.71052631578947
26,Nouvelle-Aquitaine,92.98245614035089
27,Occitanie,70.39473684210526
28,Auvergne-Rhône-Alpes,63.1578947368421
