,geoName,cameraman
3,Brittany,55.072463768115945
5,Centre-Val de Loire,86.95652173913044
7,Corsica,0.0
15,Pays de la Loire,55.072463768115945
18,Provence-Alpes-Côte d'Azur,100.0
21,Île-de-France,68.11594202898551
22,Grand-est,46.85990338164252
23,Hauts-de-france,57.2463768115942
24,Normandie,69.56521739130434
25,Bourgogne-Franche-Comté,66.66666666666666
26,Nouvelle-Aquitaine,49.275362318840585
27,Occitanie,66.66666666666666
28,Auvergne-Rhône-Alpes,92.02898550724638
