,geoName,Climatisation
3,Brittany,25.0
5,Centre-Val de Loire,61.95652173913043
7,Corsica,84.78260869565217
15,Pays de la Loire,39.130434782608695
18,Provence-Alpes-Côte d'Azur,100.0
21,Île-de-France,50.0
22,Grand-est,58.33333333333333
23,Hauts-de-france,41.84782608695652
24,Normandie,26.08695652173913
25,Bourgogne-Franche-Comté,56.52173913043478
26,Nouvelle-Aquitaine,77.89855072463769
27,Occitanie,87.5
28,Auvergne-Rhône-Alpes,71.19565217391305
