,geoName,means
5,Genferseeregion,91.1860718171926
17,Tessin,100.0
23,Zentralschweiz,17.516722408026755
