,geoName,Tailleur
3,Brittany,71.73913043478261
5,Centre-Val de Loire,93.47826086956522
7,Corsica,69.56521739130434
15,Pays de la Loire,71.73913043478261
18,Provence-Alpes-Côte d'Azur,100.0
21,Île-de-France,91.30434782608695
22,Grand-est,93.47826086956522
23,Hauts-de-france,95.1086956521739
24,Normandie,77.17391304347827
25,Bourgogne-Franche-Comté,81.52173913043478
26,Nouvelle-Aquitaine,82.6086956521739
27,Occitanie,91.30434782608695
28,Auvergne-Rhône-Alpes,80.97826086956522
